<elements>
  <namespace ns="RestSharp.Authenticators.OAuth">
    <summary>To be added.</summary>
    <remarks>To be added.</remarks>
  </namespace>
  <namespace ns="RestSharp.Authenticators">
    <summary>To be added.</summary>
    <remarks>To be added.</remarks>
  </namespace>
  <namespace ns="RestSharp.Deserializers">
    <summary>To be added.</summary>
    <remarks>To be added.</remarks>
  </namespace>
  <namespace ns="RestSharp.Extensions.MonoHttp">
    <summary>To be added.</summary>
    <remarks>To be added.</remarks>
  </namespace>
  <namespace ns="RestSharp.Extensions">
    <summary>To be added.</summary>
    <remarks>To be added.</remarks>
  </namespace>
  <namespace ns="RestSharp.Serializers">
    <summary>To be added.</summary>
    <remarks>To be added.</remarks>
  </namespace>
  <namespace ns="RestSharp.Validation">
    <summary>To be added.</summary>
    <remarks>To be added.</remarks>
  </namespace>
  <namespace ns="RestSharp">
    <summary>To be added.</summary>
    <remarks>To be added.</remarks>
  </namespace>
</elements>